Workbook

Sheet 00_Resumen
A1: Resumen ejecutivo
A2: Dimensionamiento mantenimiento PK-16 | Parque completo + carga real + fuentes externas
A4: KPIs principales
A5: Métrica | B5: Valor | C5: Unidad | D5: Lectura | E5: Fuente / cálculo | F5: Tipo | G5: Validación | H5: Comentario
A6: Parque global visible | B6: 2043 | C6: activos | D6: Todo el parque visible considerado | E6: MAESTRO_FABRICA_FINAL.xlsx | F6: Importado | G6: OK | H6: Incluye mecanizado, robots, montaje, calidad, transporte, lavadoras y auxiliares
A7: Activos clasificados | B7: 1646 | C7: activos | D7: Con criticidad A/B/C/D en maestro | E7: MAESTRO_FABRICA_FINAL.xlsx | F7: Importado | G7: OK
A8: No clasificados incluidos | B8: 397 | C8: activos | D8: Tratados como D/ruta para no perder carga | E8: Cálculo: parque visible - clasificados | F8: Derivado | G8: OK | H8: Criterio conservador de cobertura mínima
A9: Horas avería 2025→actual | B9: 29627.2 | C9: h | D9: Dato de soporte, no único driver | E9: MAESTRO_CRITICIDAD_MAQUINAS.xlsx | F9: Importado | G9: OK | H9: Campo Años contiene 2025/2026
A10: Base ratio parque completo | B10: 68.1 | C10: FTE | D10: FTE por criticidad completa | E10: SUMA A/12 + B/20 + C/35 + D/60 | F10: Fórmula | G10: OK
A11: PM + avisos | B11: 9.5 | C11: FTE | D11: Carga central anual adicional | E11: 60.000 / 6.300 unidades FTE/año | F11: Fórmula | G11: OK | H11: TPM excluido
A12: Formación anual | B12: 3 | C12: FTE | D12: Pérdida de capacidad por formación | E12: 80 pers. × 55 h / 1.450 h | F12: Fórmula | G12: OK
A13: Sábados + libranza | B13: 2 | C13: FTE | D13: Cobertura sábado y descanso semanal | E13: 10 pers/sábado × 45 / 220 | F13: Fórmula | G13: OK
A14: Cobertura real mínima | B14: 11.6 | C14: FTE | D14: Especialidades, turnos, ausencias | E14: 15% sobre base + PM/avisos | F14: Fórmula | G14: OK
A15: Cobertura real máxima | B15: 19.4 | C15: FTE | D15: Especialidades, turnos, ausencias | E15: 25% sobre base + PM/avisos | F15: Fórmula | G15: OK
A16: Necesidad final mínima | B16: 114 | C16: FTE | D16: Escenario defendible bajo | E16: Base + PM + formación + sábados + cobertura mín. | F16: Fórmula | G16: OK
A17: Necesidad final máxima | B17: 124 | C17: FTE | D17: Escenario defendible alto | E17: Base + PM + formación + sábados + cobertura máx. | F17: Fórmula | G17: OK
A18: Gap mínimo vs 80 nominales | B18: 34 | C18: FTE | D18: Déficit mínimo estimado | E18: Necesidad mínima - 80 | F18: Fórmula | G18: OK
A19: Gap máximo vs 80 nominales | B19: 44 | C19: FTE | D19: Déficit máximo estimado | E19: Necesidad máxima - 80 | F19: Fórmula | G19: OK
A22: Conclusión para dirección
A23: Necesidad estimada: 114-124 FTE. Frente a 80 personas nominales, el gap defendible queda en +14 a +22 FTE. El cálculo usa parque completo, activos no clasificados como D/ruta, PM+avisos, formación, sábados/libranza y cobertura real.

Sheet 01_Supuestos_Fuentes
A1: Supuestos, fuentes y trazabilidad
A2: Dimensionamiento mantenimiento PK-16 | Parque completo + carga real + fuentes externas
A4: Supuestos editables
A5: Variable | B5: Valor | C5: Unidad | D5: Descripción | E5: Fuente | F5: Tipo
A6: Plantilla nominal actual | B6: 80 | C6: personas | D6: Plantilla de referencia comunicada por usuario | E6: Usuario / conversación | F6: Input
A7: Formación anual por persona | B7: 55 | C7: h/persona/año | D7: Horas de formación anual por mantenedor | E7: Supuesto usuario / modelo | F7: Input
A8: Horas productivas por FTE | B8: 1450 | C8: h/FTE/año | D8: Horas productivas anuales usadas para convertir horas a FTE | E8: Supuesto modelo | F8: Input
A9: Personas por sábado | B9: 10 | C9: personas/sábado | D9: Cobertura media requerida por sábado | E9: Supuesto usuario / modelo | F9: Input
A10: Sábados trabajados/año | B10: 45 | C10: sábados/año | D10: Sábados anuales con cobertura | E10: Supuesto modelo | F10: Input
A11: Días laborables/año | B11: 220 | C11: días/año | D11: Base para convertir libranza de sábados a FTE | E11: Supuesto modelo | F11: Input
A12: PM + avisos central | B12: 60000 | C12: unidades/año | D12: 50.000 PM + 10.000 avisos | E12: MAESTRO_FABRICA_FINAL.xlsx | F12: Importado
A13: Productividad PM/avisos por FTE | B13: 6300 | C13: unidades/FTE/año | D13: Hipótesis de conversión PM+avisos a FTE | E13: Supuesto modelo | F13: Input
A14: Cobertura real mínima | B14: 0.15 | C14: % | D14: Factor por turnos, especialidades, vacaciones, ausencias, simultaneidad | E14: Supuesto modelo | F14: Input
A15: Cobertura real máxima | B15: 0.25 | C15: % | D15: Factor por turnos, especialidades, vacaciones, ausencias, simultaneidad | E15: Supuesto modelo | F15: Input
A18: Fuentes externas para defender metodología
A19: Fuente | B19: Uso en defensa | C19: URL | D19: Mensaje para dirección | E19: Aplicación al modelo | F19: Nota
A20: SMRP Best Practices Metrics & Guidelines | B20: Métricas y benchmarking de mantenimiento y fiabilidad | C20: https://smrp.org/Learning-Resources/SMRP-Library/Best-Practices-Metrics-Guidelines/ | D20: SMRP estandariza métricas y benchmarks para programas de mantenimiento y fiabilidad. | E20: Se cita como fuente externa de benchmarking y métrica, no como ratio universal máquinas/mantenedor. | F20: Usar literalmente como “referencia externa de benchmark”.
A21: NASA NPR 8831.2F Facilities Maintenance and Operations Management | B21: Dimensionamiento por carga de trabajo, work requirements, work orders y staffing | C21: https://nodis3.gsfc.nasa.gov/displayDir.cfm?t=NPR&c=8831&s=2F | D21: NASA estructura mantenimiento por recursos, staffing, plan anual, requisitos de trabajo y ejecución. | E21: Se cita como fuente externa oficial para justificar cálculo por workload, PM/correctivo y recursos. | F21: Usar literalmente como “metodología de workload/staffing”.
A22: MAESTRO_FABRICA_FINAL.xlsx | B22: Datos internos de parque, PM, avisos, MEB ECO | C22: Archivo interno | D22: Parque completo y carga anual de mantenimiento. | E22: Base de datos principal para conteo de activos y carga central. | F22: Fuente interna.
A23: MAESTRO_CRITICIDAD_MAQUINAS.xlsx | B23: Criticidad, ratios internos, averías 2025→actual | C23: Archivo interno | D23: Criterio interno A/B/C/D aplicado a la cartera. | E23: Base de ratio interno y evidencia de averías/paros. | F23: Fuente interna.

Sheet 02_Parque_Criticidad
A1: Parque completo y criticidad
A2: Dimensionamiento mantenimiento PK-16 | Parque completo + carga real + fuentes externas
A4: Contexto por familias de activo
A5: Familia de activo | B5: Cantidad | C5: Fuente | D5: Comentario
A6: Mecanizado | B6: 430 | C6: MAESTRO_FABRICA_FINAL.xlsx | D6: Incluido en parque global visible
A7: Robots | B7: 92 | C7: MAESTRO_FABRICA_FINAL.xlsx | D7: Incluido en parque global visible
A8: Montaje | B8: 264 | C8: MAESTRO_FABRICA_FINAL.xlsx | D8: Incluido en parque global visible
A9: Tratamientos/fundición | B9: 58 | C9: MAESTRO_FABRICA_FINAL.xlsx | D9: Incluido en parque global visible
A10: Calidad/control | B10: 290 | C10: MAESTRO_FABRICA_FINAL.xlsx | D10: Incluido en parque global visible
A11: Lavadoras | B11: 74 | C11: MAESTRO_FABRICA_FINAL.xlsx | D11: Incluido en parque global visible
A12: Inst. transporte | B12: 355 | C12: MAESTRO_FABRICA_FINAL.xlsx | D12: Incluido en parque global visible
A13: Medios transporte | B13: 386 | C13: MAESTRO_FABRICA_FINAL.xlsx | D13: Incluido en parque global visible
A14: Auxiliares prod. | B14: 94 | C14: MAESTRO_FABRICA_FINAL.xlsx | D14: Incluido en parque global visible
A15: TOTAL PARQUE VISIBLE | B15: =SUM(B6:B14) -> 2043 | C15: Fórmula | D15: Debe cuadrar con 2.043
A17: Criticidad completa usada para cálculo
A18: Criticidad | B18: Activos | C18: Ratio aplicado | D18: FTE base | E18: Comentario
A19: A | B19: 418 | C19: 12 | D19: =B19/C19 -> 34.833333 | E19: Críticos / cuello / alta criticidad
A20: B | B20: 275 | C20: 20 | D20: =B20/C20 -> 13.75 | E20: Críticos medios
A21: C | B21: 1200 | C21: 35 | D21: =B21/C21 -> 34.285714 | E21: Carga media
A22: D | B22: 150 | C22: 60 | D22: =B22/C22 -> 2.5 | E22: Baja criticidad + no clasificados como D/ruta
A23: TOTAL | B23: =SUM(B19:B22) -> 2043 | D23: =SUM(D19:D22) -> 85.369048

Sheet 03_Secciones
A1: Secciones / productos
A2: Dimensionamiento mantenimiento PK-16 | Parque completo + carga real + fuentes externas
A4: FTE base por sección / producto
A5: Sección / producto | B5: A | C5: B | D5: C | E5: D | F5: A_MEB | G5: FTE base | H5: Comentario
A6: MQ200 | B6: 117 | C6: 19 | D6: 6 | E6: 29 | F6: 0 | G6: =B6/12+C6/20+D6/35+E6/60+F6/12 -> 11.354762 | H6: Incluye parque histórico identificado y/o MEB ECO si aplica
A7: MQ281 | B7: 65 | C7: 36 | D7: 38 | E7: 57 | F7: 0 | G7: =B7/12+C7/20+D7/35+E7/60+F7/12 -> 9.252381 | H7: Incluye parque histórico identificado y/o MEB ECO si aplica
A8: EBOX | B8: 14 | C8: 0 | D8: 0 | E8: 0 | F8: 14 | G8: =B8/12+C8/20+D8/35+E8/60+F8/12 -> 2.3333333 | H8: Incluye parque histórico identificado y/o MEB ECO si aplica
A9: MANGUETAS | B9: 17 | C9: 0 | D9: 0 | E9: 0 | F9: 17 | G9: =B9/12+C9/20+D9/35+E9/60+F9/12 -> 2.8333333 | H9: Incluye parque histórico identificado y/o MEB ECO si aplica
A10: KMM | B10: 15 | C10: 0 | D10: 0 | E10: 0 | F10: 15 | G10: =B10/12+C10/20+D10/35+E10/60+F10/12 -> 2.5 | H10: Incluye parque histórico identificado y/o MEB ECO si aplica
A11: CONJ. DIF. | B11: 14 | C11: 0 | D11: 5 | E11: 17 | F11: 14 | G11: =B11/12+C11/20+D11/35+E11/60+F11/12 -> 2.7595238 | H11: Incluye parque histórico identificado y/o MEB ECO si aplica
A12: ALUMINIO GGH/MGH | B12: 15 | C12: 3 | D12: 0 | E12: 0 | F12: 15 | G12: =B12/12+C12/20+D12/35+E12/60+F12/12 -> 2.65 | H12: Incluye parque histórico identificado y/o MEB ECO si aplica
A13: RESTO PLANTA / SOPORTE GLOBAL | G13: ='02_Parque_Criticidad'!D23-SUM(G6:G12) -> 51.685714 | H13: Resto de activos de fábrica para cuadrar contra parque completo
A14: TOTAL BASE PARQUE COMPLETO | G14: =SUM(G6:G13) -> 85.369048 | H14: Debe cuadrar con base por criticidad completa

Sheet 04_Calculo_FTE
A1: Cálculo FTE final
A2: Dimensionamiento mantenimiento PK-16 | Parque completo + carga real + fuentes externas
A4: Cálculo final con fórmulas
A5: Concepto | B5: Fórmula / valor | C5: Unidad | D5: Fuente | E5: Comentario | F5: Tipo | H5: Concepto | I5: FTE
A6: Base ratio parque completo | B6: ='03_Secciones'!G14 -> 85.369048 | C6: FTE | D6: 03_Secciones | E6: A/12 + B/20 + C/35 + D/60 + no clasificados como D/ruta | F6: Fórmula | H6: Necesidad mín. | I6: =B12 -> 114.20672
A7: PM + avisos | B7: ='01_Supuestos_Fuentes'!B12/'01_Supuestos_Fuentes'!B13 -> 9.5238095 | C7: FTE | D7: Supuestos | E7: 60.000 unidades / 6.300 unidades FTE/año | F7: Fórmula | H7: Necesidad máx. | I7: =B13 -> 123.69601
A8: Formación anual | B8: ='01_Supuestos_Fuentes'!B6*'01_Supuestos_Fuentes'!B7/'01_Supuestos_Fuentes'!B8 -> 3.0344828 | C8: FTE | D8: Supuestos | E8: plantilla nominal × horas formación / horas productivas | F8: Fórmula | H8: Plantilla actual | I8: =B14 -> 80
A9: Sábados + libranza | B9: ='01_Supuestos_Fuentes'!B9*'01_Supuestos_Fuentes'!B10/'01_Supuestos_Fuentes'!B11 -> 2.0454545 | C9: FTE | D9: Supuestos | E9: personas sábado × sábados / días laborables | F9: Fórmula | H9: Gap mín. | I9: =B15 -> 34.206723
A10: Cobertura real mínima | B10: =(B6+B7)*'01_Supuestos_Fuentes'!B14 -> 14.233929 | C10: FTE | D10: Supuestos | E10: 15% por turnos, vacaciones, especialidades y simultaneidad | F10: Fórmula | H10: Gap máx. | I10: =B16 -> 43.696009
A11: Cobertura real máxima | B11: =(B6+B7)*'01_Supuestos_Fuentes'!B15 -> 23.723214 | C11: FTE | D11: Supuestos | E11: 25% por turnos, vacaciones, especialidades y simultaneidad | F11: Fórmula
A12: Necesidad final mínima | B12: =SUM(B6:B9)+B10 -> 114.20672 | C12: FTE | D12: Cálculo | E12: base + PM/avisos + formación + sábados + cobertura mín. | F12: Fórmula
A13: Necesidad final máxima | B13: =SUM(B6:B9)+B11 -> 123.69601 | C13: FTE | D13: Cálculo | E13: base + PM/avisos + formación + sábados + cobertura máx. | F13: Fórmula
A14: Plantilla nominal actual | B14: ='01_Supuestos_Fuentes'!B6 -> 80 | C14: personas | D14: Usuario | E14: plantilla de referencia | F14: Input
A15: Gap mínimo | B15: =B12-B14 -> 34.206723 | C15: FTE | D15: Cálculo | E15: necesidad mínima - plantilla actual | F15: Fórmula
A16: Gap máximo | B16: =B13-B14 -> 43.696009 | C16: FTE | D16: Cálculo | E16: necesidad máxima - plantilla actual | F16: Fórmula

Sheet 05_Datos_2025_actual
A1: Datos averías 2025→actual
A2: Dimensionamiento mantenimiento PK-16 | Parque completo + carga real + fuentes externas
A4: Resumen de datos filtrados por campo Años 2025/2026
A5: Métrica | B5: Valor | C5: Unidad | D5: Fuente | E5: Comentario | F5: Tipo
A6: Registros/activos con actividad | B6: 737 | C6: activos/registros | D6: MAESTRO_CRITICIDAD_MAQUINAS.xlsx | E6: Campo Años contiene 2025 o 2026 | F6: Importado
A7: Horas paro analizadas | B7: 29627.2 | C7: h | D7: MAESTRO_CRITICIDAD_MAQUINAS.xlsx | E7: Suma Horas paro filtradas | F7: Importado
A8: Registros avería | B8: 28449 | C8: registros | D8: MAESTRO_CRITICIDAD_MAQUINAS.xlsx | E8: Suma Registros avería filtrados | F8: Importado
A11: Distribución reciente A/B/C/D
A12: Criticidad | B12: Activos recientes | C12: Puntos equivalentes | D12: Fuente
A13: A | B13: 30 | C13: 120 | D13: MAESTRO_CRITICIDAD_MAQUINAS.xlsx
A14: B | B14: 75 | C14: 187.5 | D14: MAESTRO_CRITICIDAD_MAQUINAS.xlsx
A15: C | B15: 158 | C15: 237 | D15: MAESTRO_CRITICIDAD_MAQUINAS.xlsx
A16: D | B16: 474 | C16: 474 | D16: MAESTRO_CRITICIDAD_MAQUINAS.xlsx
